Comment,Description,Designator,Footprint,LibRef,Quantity,Variant,Revision,Trenz-Stock,Value,AN,Case,Center-X(Mil),Center-X(mm),Center-Y(Mil),Center-Y(mm),Layer,Rotation,Pad-X(Mil),Pad-X(mm),Pad-Y(Mil),Pad-Y(mm),Ref-X(Mil),Ref-X(mm),Ref-Y(Mil),Ref-Y(mm)

"Antena 2450AT43B100","","ANT1","Antena 2450AT43B100","Antena 2450AT43B100","1","","01","","","","","192.188","4.882","1443.46","36.664","Top","0","329.984","8.382","1443.46","36.664","192.188","4.882","1443.46","36.664"
"470nF","KON 470nF X5R 6.3V SMD","C1","CAPC0603X33N","24921","1","","01","","470n","24921","0603 (0201)","1343.369","34.122","985.114","25.022","Bottom","0","1332.148","33.837","985.114","25.022","1343.369","34.122","985.114","25.022"
"4.7µF","KON 4.7µF 6.3V X5R SMD","C2","CAPC1005X60N","24719","1","","01","","4.7u","24719","1005 (0402)","1508.501","38.316","817.049","20.753","Bottom","270","1508.501","38.316","834.766","21.203","1508.501","38.316","817.049","20.753"
"470nF","KON 470nF X5R 6.3V SMD","C3","CAPC0603X33N","24921","1","","01","","470n","24921","0603 (0201)","1511.538","38.393","715.443","18.172","Bottom","270","1511.538","38.393","726.664","18.457","1511.538","38.393","715.443","18.172"
"470nF","KON 470nF X5R 6.3V SMD","C4","CAPC0603X33N","24921","1","","01","","470n","24921","0603 (0201)","1616.039","41.047","592.492","15.049","Top","0","1604.819","40.762","592.492","15.049","1616.039","41.047","592.492","15.049"
"4.7µF","KON 4.7µF 6.3V X5R SMD","C5","CAPC1005X60N","24719","1","","01","","4.7u","24719","1005 (0402)","1508.175","38.308","941.025","23.902","Bottom","270","1508.175","38.308","958.741","24.352","1508.175","38.308","941.025","23.902"
"470nF","KON 470nF X5R 6.3V SMD","C6","CAPC0603X33N","24921","1","","01","","470n","24921","0603 (0201)","1459.412","37.069","867.766","22.041","Bottom","270","1459.412","37.069","878.986","22.326","1459.412","37.069","867.766","22.041"
"470nF","KON 470nF X5R 6.3V SMD","C7","CAPC0603X33N","24921","1","","01","","470n","24921","0603 (0201)","2008.634","51.019","1103.947","28.04","Top","90","2008.634","51.019","1092.726","27.755","2008.634","51.019","1103.947","28.04"
"470nF","KON 470nF X5R 6.3V SMD","C8","CAPC0603X33N","24921","1","","01","","470n","24921","0603 (0201)","1941.974","49.326","492.125","12.5","Bottom","0","1930.753","49.041","492.125","12.5","1941.974","49.326","492.125","12.5"
"47µF","KON 47µF 6.3V  X5R SMD 20%","C9","CAPC3216X180N","24557","1","","01","","47u","24557","3216 (1206)","998.574","25.364","431.565","10.962","Bottom","0","938.534","23.839","431.565","10.962","998.574","25.364","431.565","10.962"
"4.7µF","KON 4.7µF 6.3V X5R SMD","C10","CAPC1005X60N","24719","1","","01","","4.7u","24719","1005 (0402)","1114.436","28.307","564.842","14.347","Bottom","90","1114.436","28.307","547.125","13.897","1114.436","28.307","564.842","14.347"
"4.7µF","KON 4.7µF 6.3V X5R SMD","C11","CAPC1005X60N","24719","1","","01","","4.7u","24719","1005 (0402)","933.656","23.715","633.819","16.099","Bottom","180","951.373","24.165","633.819","16.099","933.656","23.715","633.819","16.099"
"470nF","KON 470nF X5R 6.3V SMD","C12","CAPC0603X33N","24921","1","","01","","470n","24921","0603 (0201)","946.601","24.044","503.699","12.794","Bottom","0","935.38","23.759","503.699","12.794","946.601","24.044","503.699","12.794"
"470nF","KON 470nF X5R 6.3V SMD","C13","CAPC0603X33N","24921","1","","01","","470n","24921","0603 (0201)","1058.218","26.879","596.439","15.15","Bottom","180","1069.438","27.164","596.439","15.15","1058.218","26.879","596.439","15.15"
"470nF","KON 470nF X5R 6.3V SMD","C14","CAPC0603X33N","24921","1","","01","","470n","24921","0603 (0201)","1061.911","26.973","644.04","16.359","Bottom","270","1061.911","26.973","655.261","16.644","1061.911","26.973","644.04","16.359"
"470nF","KON 470nF X5R 6.3V SMD","C15","CAPC0603X33N","24921","1","","01","","470n","24921","0603 (0201)","964.246","24.492","715.032","18.162","Bottom","90","964.246","24.492","703.811","17.877","964.246","24.492","715.032","18.162"
"47µF","KON 47µF 6.3V  X5R SMD 20%","C16","CAPC3216X180N","24557","1","","01","","47u","24557","3216 (1206)","1312.634","33.341","430.317","10.93","Bottom","0","1252.595","31.816","430.317","10.93","1312.634","33.341","430.317","10.93"
"4.7µF","KON 4.7µF 6.3V X5R SMD","C17","CAPC1005X60N","24719","1","","01","","4.7u","24719","1005 (0402)","1294.93","32.891","565.215","14.356","Bottom","270","1294.93","32.891","582.932","14.806","1294.93","32.891","565.215","14.356"
"470nF","KON 470nF X5R 6.3V SMD","C18","CAPC0603X33N","24921","1","","01","","470n","24921","0603 (0201)","1267.355","32.191","676.162","17.175","Bottom","180","1278.576","32.476","676.162","17.175","1267.355","32.191","676.162","17.175"
"470nF","KON 470nF X5R 6.3V SMD","C19","CAPC0603X33N","24921","1","","01","","470n","24921","0603 (0201)","1437.008","36.5","482.284","12.25","Bottom","180","1448.228","36.785","482.284","12.25","1437.008","36.5","482.284","12.25"
"470nF","KON 470nF X5R 6.3V SMD","C20","CAPC0603X33N","24921","1","","01","","470n","24921","0603 (0201)","1987.784","50.49","1359.957","34.543","Top","270","1987.784","50.49","1371.178","34.828","1987.784","50.49","1359.957","34.543"
"47µF","KON 47µF 6.3V  X5R SMD 20%","C21","CAPC3216X180N","24557","1","","01","","47u","24557","3216 (1206)","2096.15","53.242","459.935","11.682","Bottom","0","2036.111","51.717","459.935","11.682","2096.15","53.242","459.935","11.682"
"470nF","KON 470nF X5R 6.3V SMD","C22","CAPC0603X33N","24921","1","","01","","470n","24921","0603 (0201)","2013.676","51.147","791.132","20.095","Top","270","2013.676","51.147","802.353","20.38","2013.676","51.147","791.132","20.095"
"470nF","KON 470nF X5R 6.3V SMD","C23","CAPC0603X33N","24921","1","","01","","470n","24921","0603 (0201)","1234.85","31.365","766.585","19.471","Bottom","0","1223.629","31.08","766.585","19.471","1234.85","31.365","766.585","19.471"
"4.7µF","KON 4.7µF 6.3V X5R SMD","C24","CAPC1005X60N","24719","1","","01","","4.7u","24719","1005 (0402)","625.379","15.885","943.48","23.964","Top","90","625.379","15.885","925.763","23.514","625.379","15.885","943.48","23.964"
"47µF","KON 47µF 6.3V  X5R SMD 20%","C25","CAPC3216X180N","24557","1","","01","","47u","24557","3216 (1206)","795.276","20.2","1507.874","38.3","Bottom","0","735.236","18.675","1507.874","38.3","795.276","20.2","1507.874","38.3"
"4.7µF","KON 4.7µF 6.3V X5R SMD","C26","CAPC1005X60N","24719","1","","01","","4.7u","24719","1005 (0402)","624.71","15.868","658.43","16.724","Top","90","624.71","15.868","640.714","16.274","624.71","15.868","658.43","16.724"
"47µF","KON 47µF 6.3V  X5R SMD 20%","C27","CAPC3216X180N","24557","1","","01","","47u","24557","3216 (1206)","650.123","16.513","783.864","19.91","Top","270","650.123","16.513","843.904","21.435","650.123","16.513","783.864","19.91"
"47µF","KON 47µF 6.3V  X5R SMD 20%","C28","CAPC3216X180N","24557","1","","01","","47u","24557","3216 (1206)","652.687","16.578","1067.493","27.114","Top","270","652.687","16.578","1127.533","28.639","652.687","16.578","1067.493","27.114"
"47µF","KON 47µF 6.3V  X5R SMD 20%","C29","CAPC3216X180N","24557","1","","01","","47u","24557","3216 (1206)","305.118","7.75","1102.362","28","Bottom","270","305.118","7.75","1162.402","29.525","305.118","7.75","1102.362","28"
"47µF","KON 47µF 6.3V  X5R SMD 20%","C30","CAPC3216X180N","24557","1","","01","","47u","24557","3216 (1206)","2685.039","68.2","696.85","17.7","Bottom","90","2685.039","68.2","636.811","16.175","2685.039","68.2","696.85","17.7"
"470nF","KON 470nF X5R 6.3V SMD","C31","CAPC0603X33N","24921","1","","01","","470n","24921","0603 (0201)","1235.777","31.389","983.648","24.985","Bottom","270","1235.777","31.389","994.869","25.27","1235.777","31.389","983.648","24.985"
"470nF","KON 470nF X5R 6.3V SMD","C32","CAPC0603X33N","24921","1","","01","","470n","24921","0603 (0201)","1372.296","34.856","789.6","20.056","Bottom","180","1383.516","35.141","789.6","20.056","1372.296","34.856","789.6","20.056"
"470nF","KON 470nF X5R 6.3V SMD","C33","CAPC0603X33N","24921","1","","01","","470n","24921","0603 (0201)","1333.255","33.865","864.521","21.959","Bottom","180","1344.475","34.15","864.521","21.959","1333.255","33.865","864.521","21.959"
"470nF","KON 470nF X5R 6.3V SMD","C34","CAPC0603X33N","24921","1","","01","","470n","24921","0603 (0201)","1361.533","34.583","708.375","17.993","Bottom","90","1361.533","34.583","697.154","17.708","1361.533","34.583","708.375","17.993"
"470nF","KON 470nF X5R 6.3V SMD","C35","CAPC0603X33N","24921","1","","01","","470n","24921","0603 (0201)","1143.782","29.052","723.823","18.385","Bottom","270","1143.782","29.052","735.044","18.67","1143.782","29.052","723.823","18.385"
"470nF","KON 470nF X5R 6.3V SMD","C36","CAPC0603X33N","24921","1","","01","","470n","24921","0603 (0201)","1148.71","29.177","909.898","23.111","Bottom","0","1137.49","28.892","909.898","23.111","1148.71","29.177","909.898","23.111"
"470nF","KON 470nF X5R 6.3V SMD","C37","CAPC0603X33N","24921","1","","01","","470n","24921","0603 (0201)","1354.684","34.409","831.747","21.126","Bottom","0","1343.464","34.124","831.747","21.126","1354.684","34.409","831.747","21.126"
"470nF","KON 470nF X5R 6.3V SMD","C38","CAPC0603X33N","24921","1","","01","","470n","24921","0603 (0201)","1168.929","29.691","865.102","21.974","Bottom","270","1168.929","29.691","876.322","22.259","1168.929","29.691","865.102","21.974"
"470nF","KON 470nF X5R 6.3V SMD","C39","CAPC0603X33N","24921","1","","01","","470n","24921","0603 (0201)","1281.994","32.563","796.86","20.24","Bottom","180","1293.215","32.848","796.86","20.24","1281.994","32.563","796.86","20.24"
"470nF","KON 470nF X5R 6.3V SMD","C40","CAPC0603X33N","24921","1","","01","","470n","24921","0603 (0201)","1332.029","33.834","668.194","16.972","Bottom","270","1332.029","33.834","679.415","17.257","1332.029","33.834","668.194","16.972"
"470nF","KON 470nF X5R 6.3V SMD","C41","CAPC0603X33N","24921","1","","01","","470n","24921","0603 (0201)","1248.134","31.703","717.721","18.23","Bottom","270","1248.134","31.703","728.941","18.515","1248.134","31.703","717.721","18.23"
"47µF","KON 47µF 6.3V  X5R SMD 20%","C42","CAPC3216X180N","24557","1","","01","","47u","24557","3216 (1206)","2645.669","67.2","1047.244","26.6","Top","90","2645.669","67.2","987.205","25.075","2645.669","67.2","1047.244","26.6"
"470nF","KON 470nF X5R 6.3V SMD","C43","CAPC0603X33N","24921","1","","01","","470n","24921","0603 (0201)","1211.32","30.768","703.69","17.874","Bottom","270","1211.32","30.768","714.911","18.159","1211.32","30.768","703.69","17.874"
"470nF","KON 470nF X5R 6.3V SMD","C44","CAPC0603X33N","24921","1","","01","","470n","24921","0603 (0201)","1259.51","31.992","865.397","21.981","Bottom","180","1270.73","32.277","865.397","21.981","1259.51","31.992","865.397","21.981"
"470nF","KON 470nF X5R 6.3V SMD","C45","CAPC0603X33N","24921","1","","01","","470n","24921","0603 (0201)","1252.132","31.804","911.038","23.14","Bottom","270","1252.132","31.804","922.259","23.425","1252.132","31.804","911.038","23.14"
"470nF","KON 470nF X5R 6.3V SMD","C46","CAPC0603X33N","24921","1","","01","","470n","24921","0603 (0201)","1122.931","28.522","826.861","21.002","Bottom","0","1111.71","28.237","826.861","21.002","1122.931","28.522","826.861","21.002"
"470nF","KON 470nF X5R 6.3V SMD","C47","CAPC0603X33N","24921","1","","01","","470n","24921","0603 (0201)","1061.509","26.962","728.676","18.508","Bottom","180","1072.729","27.247","728.676","18.508","1061.509","26.962","728.676","18.508"
"470nF","KON 470nF X5R 6.3V SMD","C48","CAPC0603X33N","24921","1","","01","","470n","24921","0603 (0201)","1333.981","33.883","759.172","19.283","Bottom","270","1333.981","33.883","770.393","19.568","1333.981","33.883","759.172","19.283"
"4.7µF","KON 4.7µF 6.3V X5R SMD","C49","CAPC1005X60N","24719","1","","01","","4.7u","24719","1005 (0402)","1283.038","32.589","830.62","21.098","Bottom","180","1300.755","33.039","830.62","21.098","1283.038","32.589","830.62","21.098"
"470nF","KON 470nF X5R 6.3V SMD","C50","CAPC0603X33N","24921","1","","01","","470n","24921","0603 (0201)","1216.361","30.896","883.985","22.453","Bottom","90","1216.361","30.896","872.765","22.168","1216.361","30.896","883.985","22.453"
"4.7µF","KON 4.7µF 6.3V X5R SMD","C51","CAPC1005X60N","24719","1","","01","","4.7u","24719","1005 (0402)","1108.886","28.166","692.445","17.588","Bottom","270","1108.886","28.166","710.161","18.038","1108.886","28.166","692.445","17.588"
"4.7µF","KON 4.7µF 6.3V X5R SMD","C52","CAPC1005X60N","24719","1","","01","","4.7u","24719","1005 (0402)","1151.587","29.25","792.659","20.134","Bottom","0","1133.871","28.8","792.659","20.134","1151.587","29.25","792.659","20.134"
"4.7µF","KON 4.7µF 6.3V X5R SMD","C53","CAPC1005X60N","24719","1","","01","","4.7u","24719","1005 (0402)","1177.484","29.908","716.949","18.21","Bottom","270","1177.484","29.908","734.665","18.66","1177.484","29.908","716.949","18.21"
"4.7µF","KON 4.7µF 6.3V X5R SMD","C54","CAPC1005X60N","24719","1","","01","","4.7u","24719","1005 (0402)","1164.034","29.566","1035.613","26.305","Bottom","270","1164.034","29.566","1053.329","26.755","1164.034","29.566","1035.613","26.305"
"4.7µF","KON 4.7µF 6.3V X5R SMD","C55","CAPC1005X60N","24719","1","","01","","4.7u","24719","1005 (0402)","1117.005","28.372","870.744","22.117","Bottom","180","1134.722","28.822","870.744","22.117","1117.005","28.372","870.744","22.117"
"4.7µF","KON 4.7µF 6.3V X5R SMD","C56","CAPC1005X60N","24719","1","","01","","4.7u","24719","1005 (0402)","1076.044","27.332","1025.963","26.059","Bottom","90","1076.044","27.332","1008.246","25.609","1076.044","27.332","1025.963","26.059"
"4.7µF","KON 4.7µF 6.3V X5R SMD","C57","CAPC1005X60N","24719","1","","01","","4.7u","24719","1005 (0402)","1295.371","32.902","727.485","18.478","Bottom","90","1295.371","32.902","709.769","18.028","1295.371","32.902","727.485","18.478"
"4.7µF","KON 4.7µF 6.3V X5R SMD","C58","CAPC1005X60N","24719","1","","01","","4.7u","24719","1005 (0402)","1207.574","30.672","814.65","20.692","Bottom","270","1207.574","30.672","796.933","20.242","1207.574","30.672","814.65","20.692"
"100µF","KON 100µF 6,3V X5R SMD","C59","CAPC3216X180N","23116","1","","01","","100u","23116","3216 (1206)","1000.392","25.41","1024.311","26.018","Bottom","90","1000.392","25.41","964.272","24.493","1000.392","25.41","1024.311","26.018"
"100µF","KON 100µF 6,3V X5R SMD","C60","CAPC3216X180N","23116","1","","01","","100u","23116","3216 (1206)","1141.732","29","1122.047","28.5","Bottom","180","1201.772","30.525","1122.047","28.5","1141.732","29","1122.047","28.5"
"100µF","KON 100µF 6,3V X5R SMD","C61","CAPC3216X180N","23116","1","","01","","100u","23116","3216 (1206)","953.827","24.227","837.448","21.271","Bottom","270","953.827","24.227","897.487","22.796","953.827","24.227","837.448","21.271"
"470nF","KON 470nF X5R 6.3V SMD","C62","CAPC0603X33N","24921","1","","01","","470n","24921","0603 (0201)","1358.215","34.499","892.593","22.672","Bottom","0","1346.994","34.214","892.593","22.672","1358.215","34.499","892.593","22.672"
"4.7µF","KON 4.7µF 6.3V X5R SMD","C63","CAPC1005X60N","24719","1","","01","","4.7u","24719","1005 (0402)","1348.046","34.24","926.404","23.531","Bottom","0","1330.33","33.79","926.404","23.531","1348.046","34.24","926.404","23.531"
"470nF","KON 470nF X5R 6.3V SMD","C64","CAPC0603X33N","24921","1","","01","","470n","24921","0603 (0201)","665.354","16.9","1196.85","30.4","Top","180","676.575","17.185","1196.85","30.4","665.354","16.9","1196.85","30.4"
"470nF","KON 470nF X5R 6.3V SMD","C65","CAPC0603X33N","24921","1","","01","","470n","24921","0603 (0201)","685.039","17.4","1472.441","37.4","Bottom","270","685.039","17.4","1483.661","37.685","685.039","17.4","1472.441","37.4"
"LED Red SML-P11UTT86","LED Rot SML-P11UTT86 SMD","D1","LEDC1006X25N_RED","24212","1","","01","","","24212","1005 (0402)","2253.003","57.226","1522.003","38.659","Top","270","2253.003","57.226","1541.688","39.159","2253.003","57.226","1522.004","38.659"
"LED Green SML-P11MTT86","LED Grün SML-P11MTT86 SMD","D3","LEDC1006X25N_GREEN","24211","1","","01","","","24211","1005 (0402)","2182.844","55.444","1521.706","38.651","Top","90","2182.844","55.444","1502.021","38.151","2182.844","55.444","1521.706","38.651"
"Atmel AVR ATtiny10","ATtiny10","IC1","SOT23-6","ATtiny10","1","","01","","ATtiny10","","","1988.289","50.503","1470.636","37.354","Top","270","2025.69","51.453","1517.88","38.554","1988.289","50.503","1470.636","37.354"
"WANNE2,54-50 GERADE","Stiftleiste Wanne 50polig","J1","WANNE2,54-50 GERADE","20131","1","","01","Yes","","20131","","1476.388","37.5","196.85","5","Top","180","2676.388","67.98","246.85","6.27","1476.388","37.5","196.85","5"
"MMC SD Socket","MCC SD Socket","J2","104C-TAA0-R","24818","1","","01","Yes","","24818","MMC SD","2061.648","52.366","1004.636","25.518","Bottom","0","2332.514","59.246","545.975","13.868","2061.845","52.371","1069.597","27.168"
"U.FL-R-SMT-1","Hirose Ultra Small Coaxial Connector","J3","U.FL-R-SMT-1","25605","1","","01","","","25605","","535.039","13.59","1344.987","34.163","Top","0","535.039","13.59","1375.006","34.925","535.039","13.59","1314.961","33.4"
"SCHD3A0100","microSD Card (Header Type) SCHD Series","J4","SCHD3A0100","24993","1","","01","Yes","","24993","microSD","2303.269","58.503","1034.692","26.281","Top","0","2429.254","61.703","973.669","24.731","2303.269","58.503","1042.566","26.481"
"STIFTLEISTE2.54 OG 2R-8","Stiftleiste gerade 2-reihig, 8pol.","J5","STIFTLEISTE2_54 OG 2R-8","23904","1","","01","Yes","","23904","","126.77","3.22","997.244","25.33","Top","90","176.77","4.49","847.244","21.52","126.77","3.22","997.244","25.33"
"Stiftleiste versetzt 1-reihig, 6pol.","Stiftleiste versetzt 1-reihig, 6pol.","J7","STIFTLEISTE2_54 OG 1R-6V","22911","1","","01","Yes","","22911","","1259.842","32","1210.63","30.75","Top","0","1009.842","25.65","1202.756","30.55","1259.842","32","1210.63","30.75"
"PMod 2x6 Socket 90°","PMod 2x6 Socket 90°","J8","PMod2x6","25215","1","","01","Yes","","25215","","2825.984","71.78","895.669","22.75","Top","270","2775.984","70.51","1145.669","29.1","2825.984","71.78","895.669","22.75"
"BKP0603HS121-T","Ferritdurchführung SMD 0201","L1","INDC0603X33N","25393","1","","01","Yes","","25393","0603 (0201)","1285.764","32.658","985.114","25.022","Bottom","0","1274.543","32.373","985.114","25.022","1285.764","32.658","985.114","25.022"
"IND-Ferrite","Ferrite Inductor","L2","RESC1005X40R","IND-Ferrite","1","","01","","","","","391.332","9.94","1443.694","36.67","Top","180","411.017","10.44","1443.694","36.67","391.338","9.94","1443.701","36.67"
"IND-Ferrite","Ferrite Inductor","L3","RESC1005X40R","IND-Ferrite","1","","01","","","","","447.238","11.36","1463.392","37.17","Top","90","447.238","11.36","1443.707","36.67","447.244","11.36","1463.386","37.17"
"BKP0603HS121-T","Ferritdurchführung SMD 0201","L4","INDC0603X33N","25393","1","","01","Yes","","25393","0603 (0201)","1296.44","32.93","914.964","23.24","Bottom","270","1296.44","32.93","926.185","23.525","1296.44","32.93","914.964","23.24"
"FIDU-DOT - small","FIDU-DOT - SMALL","PM1","FIDU-DOT - small","22905","1","","01","","","22905","","2874.016","73","78.74","2","Bottom","270","2874.016","73","78.74","2","2874.016","73","78.74","2"
"FIDU-DOT - small","FIDU-DOT - SMALL","PM2","FIDU-DOT - small","22905","1","","01","","","22905","","78.74","2","78.74","2","Top","90","78.74","2","78.74","2","78.74","2","78.74","2"
"FIDU-DOT - small","FIDU-DOT - SMALL","PM3","FIDU-DOT - small","22905","1","","01","","","22905","","2893.701","73.5","1269.685","32.25","Bottom","90","2893.701","73.5","1269.685","32.25","2893.701","73.5","1269.685","32.25"
"FIDU-DOT - small","FIDU-DOT - SMALL","PM4","FIDU-DOT - small","22905","1","","01","","","22905","","2893.701","73.5","1269.685","32.25","Top","90","2893.701","73.5","1269.685","32.25","2893.701","73.5","1269.685","32.25"
"FIDU-DOT - small","FIDU-DOT - SMALL","PM5","FIDU-DOT - small","22905","1","","01","","","22905","","78.74","2","78.74","2","Bottom","90","78.74","2","78.74","2","78.74","2","78.74","2"
"FIDU-DOT - small","FIDU-DOT - SMALL","PM6","FIDU-DOT - small","22905","1","","01","","","22905","","2874.016","73","78.74","2","Top","270","2874.016","73","78.74","2","2874.016","73","78.74","2"
"33R","WID SMD 33R 1% 0,05W","R1","RESC0603X26N","25021","1","","01","","33","25021","0603 (0201)","1400.914","35.583","967.835","24.583","Bottom","270","1400.914","35.583","979.055","24.868","1400.914","35.583","967.835","24.583"
"10K","WID SMD 10K 1% 0,05W","R2","RESC0603X26N","24914","1","","01","","10K","24914","0603 (0201)","1615.821","41.042","1299.998","33.02","Top","270","1615.821","41.042","1311.218","33.305","1615.821","41.042","1299.998","33.02"
"470R","WID SMD 470R 1% 0,063W","R3","RESC1005X40N","22769","1","","01","","470","22769","1005 (0402)","1611.747","40.938","928.538","23.585","Top","270","1611.747","40.938","946.254","24.035","1611.748","40.938","928.539","23.585"
"33R","WID SMD 33R 1% 0,05W","R4","RESC0603X26N","25021","1","","01","","33","25021","0603 (0201)","1788.607","45.431","969.177","24.617","Top","0","1777.387","45.146","969.177","24.617","1788.607","45.431","969.177","24.617"
"10K","WID SMD 10K 1% 0,05W","R5","RESC0603X26N","24914","1","","01","","10K","24914","0603 (0201)","1728.084","43.893","968.187","24.592","Top","180","1739.304","44.178","968.187","24.592","1728.084","43.893","968.187","24.592"
"10K","WID SMD 10K 1% 0,05W","R6","RESC0603X26N","24914","1","","01","","10K","24914","0603 (0201)","1612.418","40.955","865.33","21.979","Top","270","1612.418","40.955","876.55","22.264","1612.418","40.955","865.33","21.979"
"470R","WID SMD 470R 1% 0,063W","R7","RESC1005X40N","22769","1","","01","","470","22769","1005 (0402)","1610.767","40.913","1213.823","30.831","Top","90","1610.767","40.913","1196.107","30.381","1610.766","40.913","1213.822","30.831"
"33R","WID SMD 33R 1% 0,05W","R8","RESC0603X26N","25021","1","","01","","33","25021","0603 (0201)","1611.884","40.942","1061.016","26.95","Top","90","1611.884","40.942","1049.795","26.665","1611.884","40.942","1061.016","26.95"
"10K","WID SMD 10K 1% 0,05W","R9","RESC0603X26N","24914","1","","01","","10K","24914","0603 (0201)","2148.062","54.561","1439.358","36.56","Top","270","2148.062","54.561","1450.579","36.845","2148.062","54.561","1439.358","36.56"
"10K","WID SMD 10K 1% 0,05W","R10","RESC0603X26N","24914","1","","01","","10K","24914","0603 (0201)","1611.892","40.942","1147.851","29.155","Top","270","1611.892","40.942","1159.071","29.44","1611.892","40.942","1147.851","29.155"
"10K","WID SMD 10K 1% 0,05W","R11","RESC0603X26N","24914","1","","01","","10K","24914","0603 (0201)","1847.573","46.928","969.423","24.623","Top","180","1858.793","47.213","969.423","24.623","1847.573","46.928","969.423","24.623"
"10K","WID SMD 10K 1% 0,05W","R12","RESC0603X26N","24914","1","","01","","10K","24914","0603 (0201)","1612.358","40.954","809.629","20.565","Top","90","1612.358","40.954","798.408","20.28","1612.358","40.954","809.629","20.565"
"10K","WID SMD 10K 1% 0,05W","R13","RESC0603X26N","24914","1","","01","","10K","24914","0603 (0201)","1671.432","42.454","968.187","24.592","Top","180","1682.653","42.739","968.187","24.592","1671.432","42.454","968.187","24.592"
"33R","WID SMD 0","R14","RESC0603X26N","25021","1","","01","","33","25021","0603 (0201)","491.525","12.485","1443.692","36.67","Top","180","502.745","12.77","1443.692","36.67","491.525","12.485","1443.692","36.67"
"33R","WID SMD 0","R15","RESC0603X26N","25021","1","","01","","33","25021","0603 (0201)","535.039","13.59","1432.48","36.385","Top","90","535.039","13.59","1421.26","36.1","535.039","13.59","1432.48","36.385"
"10K","WID SMD 10K 1% 0,05W","R16","RESC0603X26N","24914","1","","01","","10K","24914","0603 (0201)","2332.565","59.247","471.976","11.988","Bottom","90","2332.565","59.247","460.755","11.703","2332.565","59.247","471.976","11.988"
"10K","WID SMD 10K 1% 0,05W","R17","RESC0603X26N","24914","1","","01","","10K","24914","0603 (0201)","2235.248","56.775","476.93","12.114","Bottom","90","2235.248","56.775","465.709","11.829","2235.248","56.775","476.929","12.114"
"10K","WID SMD 10K 1% 0,05W","R18","RESC0603X26N","24914","1","","01","","10K","24914","0603 (0201)","2306.349","58.581","679.049","17.248","Top","180","2317.569","58.866","679.049","17.248","2306.349","58.581","679.049","17.248"
"10K","WID SMD 10K 1% 0,05W","R19","RESC0603X26N","24914","1","","01","","10K","24914","0603 (0201)","2024.137","51.413","1042.669","26.484","Top","270","2024.137","51.413","1053.89","26.769","2024.137","51.413","1042.669","26.484"
"10K","WID SMD 10K 1% 0,05W","R20","RESC0603X26N","24914","1","","01","","10K","24914","0603 (0201)","2152.845","54.682","684.648","17.39","Top","180","2164.065","54.967","684.648","17.39","2152.845","54.682","684.648","17.39"
"10K","WID SMD 10K 1% 0,05W","R21","RESC0603X26N","24914","1","","01","","10K","24914","0603 (0201)","2020.938","51.332","722.946","18.363","Top","270","2020.938","51.332","734.167","18.648","2020.938","51.332","722.946","18.363"
"10K","WID SMD 10K 1% 0,05W","R22","RESC0603X26N","24914","1","","01","","10K","24914","0603 (0201)","2362.648","60.011","679.299","17.254","Top","0","2351.427","59.726","679.299","17.254","2362.648","60.011","679.299","17.254"
"4K7","WID SMD 4K7 1% 0,05W","R23","RESC0603X26N","25242","1","","01","","4.7K","25242","0603 (0201)","1791.339","45.5","551.181","14","Top","270","1791.339","45.5","562.402","14.285","1791.339","45.5","551.181","14"
"470R","WID SMD 470R 1% 0,063W","R24","RESC1005X40N","22769","1","","01","","470","22769","1005 (0402)","2183.333","55.457","1445.897","36.726","Top","270","2183.333","55.457","1463.614","37.176","2183.334","55.457","1445.899","36.726"
"470R","WID SMD 470R 1% 0,063W","R25","RESC1005X40N","22769","1","","01","","470","22769","1005 (0402)","1956.692","49.7","1314.962","33.4","Top","180","1974.408","50.15","1314.962","33.4","1956.693","49.7","1314.961","33.4"
"33R","WID SMD 33R 1% 0,05W","R26","RESC0603X26N","25021","1","","01","","33","25021","0603 (0201)","1885.516","47.892","473.066","12.016","Bottom","90","1885.516","47.892","461.845","11.731","1885.516","47.892","473.065","12.016"
"33R","WID SMD 33R 1% 0,05W","R27","RESC0603X26N","25021","1","","01","","33","25021","0603 (0201)","2257.974","57.353","672.557","17.083","Top","90","2257.974","57.353","661.336","16.798","2257.974","57.353","672.557","17.083"
"10K","WID SMD 10K 1% 0,05W","R28","RESC0603X26N","24914","1","","01","","10K","24914","0603 (0201)","1745.389","44.333","476.93","12.114","Bottom","90","1745.389","44.333","465.709","11.829","1745.389","44.333","476.929","12.114"
"10K","WID SMD 10K 1% 0,05W","R29","RESC0603X26N","24914","1","","01","","10K","24914","0603 (0201)","1678.554","42.635","476.93","12.114","Bottom","90","1678.554","42.635","465.709","11.829","1678.554","42.635","476.929","12.114"
"10K","WID SMD 10K 1% 0,05W","R30","RESC0603X26N","24914","1","","01","","10K","24914","0603 (0201)","2431.078","61.749","476.93","12.114","Bottom","90","2431.078","61.749","465.709","11.829","2431.078","61.749","476.929","12.114"
"470R","WID SMD 470R 1% 0,063W","R31","RESC1005X40N","22769","1","","01","","470","22769","1005 (0402)","2258.203","57.358","1446.203","36.734","Top","270","2258.203","57.358","1463.919","37.184","2258.204","57.358","1446.204","36.734"
"200K","WID SMD 200K 1% 0,063W","R32","RESC1005X40N","23846","1","","01","","200K","23846","1005 (0402)","374.015","9.5","688.975","17.5","Top","270","374.015","9.5","706.692","17.95","374.016","9.5","688.976","17.5"
"301K","WID SMD 301K 1% 0,063W","R33","RESC1005X40N","26224","1","","01","","301k","26224","1005 (0402)","384.48","9.766","627.68","15.943","Top","270","384.48","9.766","645.396","16.393","384.481","9.766","627.681","15.943"
"33R","WID SMD Netz 4 fach 33R","R34","RESCAX50P100X200X55-8N","23422","1","","01","","33","23422","0402x4 0804 ","433.071","11","521.654","13.25","Bottom","0","411.417","10.45","489.173","12.425","433.071","11","521.654","13.25"
"33R","WID SMD Netz 4 fach 33R","R35","RESCAX50P100X200X55-8N","23422","1","","01","","33","23422","0402x4 0804 ","2673.228","67.9","870.079","22.1","Top","270","2705.709","68.725","891.732","22.65","2673.228","67.9","870.079","22.1"
"680R","WID SMD 680R 1% 0,063W","R36","RESC1005X40N","22761","1","","01","","680","22761","1005 (0402)","2220.68","56.405","1446.203","36.734","Top","270","2220.68","56.405","1463.919","37.184","2220.681","56.405","1446.204","36.734"
"4K7","WID SMD 4K7 1% 0,05W","R37","RESC0603X26N","25242","1","","01","","4.7K","25242","0603 (0201)","1175.145","29.849","956.827","24.303","Bottom","180","1186.366","30.134","956.827","24.303","1175.145","29.849","956.827","24.303"
"4K7","WID SMD 4K7 1% 0,05W","R38","RESC0603X26N","25242","1","","01","","4.7K","25242","0603 (0201)","1038.285","26.372","760.187","19.309","Bottom","180","1049.505","26.657","760.187","19.309","1038.285","26.372","760.187","19.309"
"10K","WID SMD 10K 1% 0,05W","R39","RESC0603X26N","24914","1","","01","","10K","24914","0603 (0201)","1578.74","40.1","1299.213","33","Top","90","1578.74","40.1","1287.992","32.715","1578.74","40.1","1299.213","33"
"10K","WID SMD 10K 1% 0,05W","R40","RESC0603X26N","24914","1","","01","","10K","24914","0603 (0201)","2330.709","59.2","1425.197","36.2","Top","0","2319.488","58.915","1425.197","36.2","2330.709","59.2","1425.197","36.2"
"0R","WID SMD 0R","R41","RESC1005X40N","22738","1","","01","","0","22738","1005 (0402)","1830.708","46.5","544.595","13.833","Top","270","1830.708","46.5","562.312","14.283","1830.709","46.5","544.596","13.833"
"33R","WID SMD Netz 4 fach 33R","R42","RESCAX50P100X200X55-8N","23422","1","","01","","33","23422","0402x4 0804 ","2779.528","70.6","480.315","12.2","Top","90","2747.047","69.775","458.661","11.65","2779.528","70.6","480.315","12.2"
"CHS-04TA","DIP Schalter 4 fach 1,27mm SMD","S3","CHS-04TA","23417","1","","01","Yes","","23417","","1774.448","45.071","1410.409","35.824","Top","270","1849.448","46.976","1510.409","38.364","1774.448","45.071","1410.409","35.824"
"4pin button","4pin button","SW1","KMS221G_LFS","KMS221G_LFS","1","","01","","KMS221G_LFS","","","2418.569","61.432","1514.058","38.457","Top","180","2516.994","63.932","1482.562","37.657","2418.569","61.432","1514.058","38.457"
"SiT8008AI-73-XXS-33.333333E","SiT8008AI-73-XXS-33.333333E MEMS Oszillator 33.333333MHz","U1","2016","25023","1","","01","Yes","33M","25023","2.0  x 1.6mm","1361.467","34.581","1051.964","26.72","Bottom","90","1331.94","33.831","1075.585","27.32","1361.467","34.581","1051.964","26.72"
"XA7Z020-1CLG400I","XA7Z020-1CLG400I","U2","BGA400C80P20X20_1700X1700X160N","25981","1","","01","Yes","","25981","CLG400","1234.144","31.347","801.387","20.355","Top","270","1533.356","38.947","1100.6","27.955","1234.144","31.347","801.387","20.355"
"W25Q256FVBIG","W25Q256FVBIG","U3","BGA24C100P5X5_800X600X120N","25017","1","","01","Yes","","25017","TFBGA24","1813.083","46.052","810.135","20.577","Top","270","1891.823","48.052","849.505","21.577","1813.083","46.052","810.135","20.577"
"W25Q256FVBIG","W25Q256FVBIG","U4","BGA24C100P5X5_800X600X120N","25017","1","","01","Yes","","25017","TFBGA24","1812.689","46.042","1128.692","28.669","Top","270","1891.429","48.042","1168.062","29.669","1812.689","46.042","1128.692","28.669"
"TiWi-uB2","","U5","TiWi-uB2","TiWi-uB2","1","","01","","","","","806.594","20.487","1396.653","35.475","Top","90","931.102","23.65","1311.024","33.3","807.087","20.5","1397.638","35.5"
"ATSHA204A-STUCZ-T","ATSHA204A-STUCZ-T","U6","SOT95P237X112-3N","26027","1","","01","Yes","","26027","SOT23-3","1925.827","48.916","531.991","13.513","Top","0","1880.552","47.766","569.393","14.463","1925.827","48.916","531.991","13.513"
"EN5311QI","EN5311QI","U7","EN5311QI","25492","1","","01","Yes","","25492","QFN20","502.762","12.77","712.351","18.094","Top","180","577.566","14.67","648.374","16.469","502.762","12.77","712.351","18.094"
"EN5311QI","EN5311QI","U8","EN5311QI","25492","1","","01","Yes","","25492","QFN20","501.968","12.75","994.095","25.25","Top","180","576.771","14.65","930.118","23.625","501.968","12.75","994.095","25.25"
